Вариант,n,a_max,divider,modulo,Среднее время нахождения первого решения,Среднее время нахождения всех решений,Среднее время нахождения точного решения ГА,Доля точно решённых задач ГА,Количество хромосом в поколении
1,24,1073741824,0.8,Нет,8.622015064,29.918897076,1.664576041958042,0.286,200
2,24,16777216,1.0,Нет,8.160871382,28.807648002,1.8649568076923078,0.312,200
3,24,1048576,1.2,Нет,4.918498789999999,28.964294040000002,2.229907282485876,0.354,200
4,24,144715,1.4,Нет,1.816651756,28.925696594,1.8233642294117645,0.68,200
5,24,1073741824,0.8,Да,10.486693017999999,36.28178846,2.687535823529412,0.034,200
6,24,16777216,1.0,Да,7.614891168,34.563458796,3.368201533333334,0.06,200
7,24,1048576,1.2,Да,1.6112987060000001,34.551733362,2.862687782608696,0.368,200
8,24,144715,1.4,Да,0.24341374799999999,34.64569575,1.4651573104925055,0.934,200
